,ds,E
13,0.03,0.493640188
12,0.04,0.496631159
11,0.05,0.496872982
10,0.06,0.49723906
14,0.065,0.497278778
9,0.07,0.497182122
15,0.075,0.496998904
8,0.08,0.497641675
16,0.085,0.496556478
3,0.095,0.495843906
4,0.096,0.49616667
5,0.097,0.496018188
6,0.098,0.496273366
7,0.099,0.496013276
0,0.11,0.495383074
1,0.12,0.495062006
2,0.15,0.492044908
